id,title,url
1,"How to Paint Water in Watercolor - A Step-by-Step Tutorial",https://youtube.com/watch?v=ex2b2bpkaio&list=WL&index=1&pp=gAQBiAQB
2,"Pack Like a Hobo! [ 1930s Minimalist Travel Tips! ]",https://youtube.com/watch?v=Bq-Ym8qq7AE&list=WL&index=2&pp=gAQBiAQB
3,"Centering Clay For Beginners - 11 Problems - 11 Easy To Follow Solutions",https://youtube.com/watch?v=GKS5GIb2j84&list=WL&index=3&pp=gAQBiAQB
4,"Watercolor Painting Tutorial | From Beginner To Pro in Just One Video | My First Voiceover Videoüòé",https://youtube.com/watch?v=zMoUddn667c&list=WL&index=4&pp=gAQBiAQB
5,"Final Cut Pro Organization - Libraries, Events, Projects EXPLAINED",https://youtube.com/watch?v=Yjfbl-wbAnk&list=WL&index=5&pp=gAQBiAQB
6,"How To Animate Like Johnny Harris (After Effects Tutorial)",https://youtube.com/watch?v=LZ06jc6RSu8&list=WL&index=6&pp=gAQBiAQB
7,"AI Video Cropping: Auto-Gravity for Objects - Cloudinary Product Update",https://youtube.com/watch?v=pSgnS4ZEFlo&list=WL&index=7&pp=gAQBiAQB
8,"Watercolor Painting Tutorial for Beginners step by step 2021",https://youtube.com/watch?v=YIE9UYNR6yo&list=WL&index=8&pp=gAQBiAQB
9,"How I Paint Small Landscape Paintings Step by Step",https://youtube.com/watch?v=CyCWh36xXSg&list=WL&index=9&t=181s&pp=gAQBiAQB
10,"Day in the life of a Fashion Photographer in NYC",https://youtube.com/watch?v=Kw1v4XzYVN8&list=WL&index=10&pp=gAQBiAQB
11,"8 Tips for working with ALCOHOL INKS THAT YOU NEED TO KNOW",https://youtube.com/watch?v=HIxKNwHE714&list=WL&index=11&pp=gAQBiAQB
12,"Ink Line over Wash Watercolor Landscape. Quick. Simple. Satisfying. Walnut Ink & Fountain Pen.",https://youtube.com/watch?v=0F5Zv3wpckk&list=WL&index=12&pp=gAQBiAQB
13,"Painting Figures in Watercolor ~ Figure drawing tutorial for beginners 2021",https://youtube.com/watch?v=VEwDVkXNI4k&list=WL&index=13&pp=gAQBiAQB
14,"5 Japanese Philosophies to Improve Your Photography.",https://youtube.com/watch?v=7JyaQGzFsvw&list=WL&index=14&pp=gAQBiAQB
15,"How Koreans Meal Prep",https://youtube.com/watch?v=8eytu2_MVl8&list=WL&index=15&pp=gAQBiAQB
16,"How To Animate Infographics Like VOX (After Effects Tutorial)",https://youtube.com/watch?v=nHh0NRo8G2U&list=WL&index=16&pp=gAQBiAQB
17,"10 Quick After Effects Techniques I LOVE",https://youtube.com/watch?v=B2tmgJ0HKxo&list=WL&index=17&pp=gAQBiAQB
18,"You're Not Lazy: How to Live a Chaotically Organised Life",https://youtube.com/watch?v=A2sS00egAzg&list=WL&index=18&pp=gAQBiAQB
19,"5 AMAZING Palestinian Breakfast Dishes",https://youtube.com/watch?v=oONkKLgh5ZY&list=WL&index=19&pp=gAQBiAQB
20,"Being an Artist",https://youtube.com/watch?v=rNy0BXC8aC0&list=WL&index=20&t=1254s&pp=gAQBiAQB
21,"How to Paint Cars for Streetscape Paintings? ~ Paint with me (watch & learn)",https://youtube.com/watch?v=iGvIf0j8-S4&list=WL&index=21&t=860s&pp=gAQBiAQB
22,"YouTube",https://youtube.com/watch?v=CJIXbibQ0jI&list=WL&index=22&t=4720s&pp=gAQBiAQB
23,"Text Animators for Beginners - After Effects Type Tutorial",https://youtube.com/watch?v=IJ3QHNQSJg8&list=WL&index=23&t=13s&pp=gAQBiAQB
24,"Ceramic Review Masterclass: Lorna Fraser",https://youtube.com/watch?v=JjUy7YZkQ2A&list=WL&index=24&pp=gAQBiAQB
25,"Create Text Animations Like Apple - After Effects Tutorial",https://youtube.com/watch?v=VRb4_kBUOr8&list=WL&index=25&pp=gAQBiAQB
26,"Master the Art of Solo B-Roll: Smartphone Filmmaking for Beginners",https://youtube.com/watch?v=97qL1-IQAmI&list=WL&index=26&t=412s&pp=gAQBiAQB
27,"repetition throwing - espresso cups",https://youtube.com/watch?v=jEAzZObkTNI&list=WL&index=27&pp=gAQBiAQB
28,""WATCHED 6:58 Now playing https://youtube.com"",https://youtube.com/watch?v=_qpW27f8G4I&list=WL&index=28&pp=gAQBiAQB
29,"Word by Word Subtitle Animations in Premiere Pro with this Time-saving Plugin!",https://youtube.com/watch?v=M2vdZc3hG_Q&list=WL&index=29&pp=gAQBiAQB
30,"(UPDATED) Dynamically auto-scale text to fit in a box using expressions in After Effects",https://youtube.com/watch?v=H7fhV3Ut-gM&list=WL&index=30&t=166s&pp=gAQBiAQB
31,"5 Skills All After Effects Users Should Know",https://youtube.com/watch?v=7VvCCQ7_xYQ&list=WL&index=31&pp=gAQBiAQB
32,"Joe Kay | Boiler Room London: Soulection",https://youtube.com/watch?v=2gZoJH9LLRM&list=WL&index=32&t=1894s&pp=gAQBiAQB
33,"Painting people using suggestion and gesture",https://youtube.com/watch?v=c7UYf_eyEl0&list=WL&index=33&pp=gAQBiAQB
34,""29:26 Now playing https://youtube.com"",https://youtube.com/watch?v=G_f2Brb1L_E&list=WL&index=34&pp=gAQBiAQB
35,"4 EASY Japanese Breakfast Recipes for Beginners",https://youtube.com/watch?v=8PLiU2Iu6Oc&list=WL&index=35&pp=gAQBiAQB
36,"Ink in Liquid Simulation Using Cinema 4D Pyro",https://youtube.com/watch?v=TIYTQ86kPF4&list=WL&index=36&pp=gAQBiAQB
37,"The cheap tiny SSDs that transformed my editing workflow!",https://youtube.com/watch?v=uVIiTqjTi_M&list=WL&index=37&pp=gAQBiAQB
38,"CHIA PUDDING ¬ª 6 Flavours for Easy, Healthy Breakfast Snacks | Spring/Summer Meal Prep",https://youtube.com/watch?v=jRu2aFdRL54&list=WL&index=38&pp=gAQBiAQB
39,"How to Centre Clay and Master The Pottery Wheel More Tips And Tricks!!!",https://youtube.com/watch?v=U4GNn8-fJqE&list=WL&index=39&pp=gAQBiAQB
40,"Japanese MinimalistüáØüáµ: What I eat in a day |Simple Recipes|",https://youtube.com/watch?v=t33Y4cEOEFU&list=WL&index=40&pp=gAQBiAQB
41,"Fischer's Rule Will Prevent 50% of Your Chess Mistakes",https://youtube.com/watch?v=_h4KLNqvLWw&list=WL&index=41&pp=gAQBiAQB
42,"Ceramics 101: Underglaze Techniques",https://youtube.com/watch?v=ctYc1nJ5pr4&list=WL&index=42&pp=gAQBiAQB
43,"THREE Water Control Tips When Painting With Watercolor",https://youtube.com/watch?v=-g6nXlePVZs&list=WL&index=43&pp=gAQBiAQB
44,"2023 Kawasaki Ninja ZX-4RR Review | Daily Rider",https://youtube.com/watch?v=Xe6M7gMkZX0&list=WL&index=44&pp=gAQBiAQB
45,"8 Ways to Apply Underglazes - Don't OVERlook UNDERglaze!",https://youtube.com/watch?v=eBMLb8Eb2as&list=WL&index=45&pp=gAQBiAQB
46,"Handling Paint on the palette | Beginner's Watercolor Tutorial",https://youtube.com/watch?v=xgNy7zXyY-A&list=WL&index=46&pp=gAQBiAQB
47,"8 AI Mac Apps I Regret Not Using Sooner",https://youtube.com/watch?v=B-EUE0Xkr70&list=WL&index=47&pp=gAQBiAQB
48,"ÎèÑÏûêÍ∏∞ Ìä∏Î†àÏù¥ ÎßåÎì§Í∏∞ : Making a ceramic tray [ONDO STUDIO]",https://youtube.com/watch?v=GBNfU14yyH4&list=WL&index=48&pp=gAQBiAQB
49,"Easy Pottery Textures! Using Water Color Techniques along with Wax Paper and Bubble Wrap!",https://youtube.com/watch?v=v7K8CIzHTxA&list=WL&index=49&pp=gAQBiAQB
50,"Adjusting Your Motorcycle Clutch and Why It‚Äôs Important | The Shop Manual",https://youtube.com/watch?v=8MW4h1Rk9AA&list=WL&index=50&pp=gAQBiAQB
51,"daily habits that keep me from spiraling into a depression",https://youtube.com/watch?v=_7Jo0_4RV5o&list=WL&index=51&pp=gAQBiAQB
52,"A photo series about Japanese architecture.",https://youtube.com/watch?v=XWf395XFeGA&list=WL&index=52&pp=gAQBiAQB
53,"How I Film & Photograph my Pottery",https://youtube.com/watch?v=PdXrQO4bnuM&list=WL&index=53&pp=gAQBiAQB
54,"Legendary Record Producer Rick Rubin On: Creativity, Habits, Self-Doubt, Intuition and Meditation",https://youtube.com/watch?v=8AC1uXMo870&list=WL&index=54&pp=gAQBiAQB
55,"Building The Ocean FORTRESS! - DayZ",https://youtube.com/watch?v=wpRIcI1Qkxk&list=WL&index=55&pp=gAQBiAQB
56,"The One Landscape Painting Tip You Really Need",https://youtube.com/watch?v=nGc8RhP-OZc&list=WL&index=56&pp=gAQBiAQB
57,"How To Analyze Movies ‚Äì Film Studies 101",https://youtube.com/watch?v=ahHIifcFyqk&list=WL&index=57&pp=gAQBiAQB
58,"Create Your Own Retro TV Station with Raspberry Pi, VLC and Crontab",https://youtube.com/watch?v=jjX8NkeinLU&list=WL&index=58&pp=gAQBiAQB
59,"5 Things I Wish I Knew when I First Started Painting in Watercolor",https://youtube.com/watch?v=szviqCs2sJo&list=WL&index=59&pp=gAQBiAQB
60,"Work life Balance, Creativity, and a 10 year apprenticeship with Florian Gadsby | WAM CAST #0052",https://youtube.com/watch?v=R0PAEAtqx4w&list=WL&index=60&pp=gAQBiAQB
61,"Street Photography in Bad Light.",https://youtube.com/watch?v=Xle_dYEy1Dg&list=WL&index=61&pp=gAQBiAQB
62,"This Trick will make Your Videos look like Movies.",https://youtube.com/watch?v=IL3ruhfGTdM&list=WL&index=62&t=184s&pp=gAQBiAQB
63,"The Impact of chatGPT talks (2023) - Prof. Max Tegmark (MIT)",https://youtube.com/watch?v=RheZlFj3Zp8&list=WL&index=63&pp=gAQBiAQB
64,"How to Simplify a Complex Subject",https://youtube.com/watch?v=ykNsr4ITgL4&list=WL&index=64&pp=gAQBiAQB
65,"Panda Bear - Bros (HD Upscale)",https://youtube.com/watch?v=G1537NS9MCA&list=WL&index=65&pp=gAQBiAQB
66,"How to Control a Crowd",https://youtube.com/watch?v=C_B09FZwSbA&list=WL&index=66&pp=gAQBiAQB
67,"Ram's Head Wedging: Why and How To Ram's Head Wedge Clay",https://youtube.com/watch?v=r1GVb91z0gM&list=WL&index=67&pp=gAQBiAQB
68,"Animal Collective Live at Starlight Ballroom Philadelphia, PA 2007",https://youtube.com/watch?v=no2sncnaqr0&list=WL&index=68&pp=gAQBiAQB
69,"6 Inspiring Photographers & Projects",https://youtube.com/watch?v=x-rg4cRmM_U&list=WL&index=69&pp=gAQBiAQB
70,"Cymond's paracord bottle lanyard knot (tutorial)",https://youtube.com/watch?v=VklIuxtxYqk&list=WL&index=70&pp=gAQBiAQB
71,"Sharon Salzberg's Real Life Series with Duncan Trussell ‚Äì Metta Hour Podcast Ep. 216",https://youtube.com/watch?v=EaqUwX3qtEY&list=WL&index=71&pp=gAQBiAQB
72,"The Importance of Documenting Your Life",https://youtube.com/watch?v=MYs0vM53MUE&list=WL&index=72&pp=gAQBiAQB
73,"HARDEST Overland Trail In North America (We Almost Died)",https://youtube.com/watch?v=PvRuKfion6M&list=WL&index=73&pp=gAQBiAQB
74,"Alan Schaller Teaches Using Light For Street Photography",https://youtube.com/watch?v=-wtNFR2OlL8&list=WL&index=74&pp=gAQBiAQB
75,"20 Must-See HUDSON VALLEY MANSIONS",https://youtube.com/watch?v=fnlsGMkI5pM&list=WL&index=75&pp=gAQBiAQB
76,"Director's Treatment: The Ultimate Guide to A Winning Pitch",https://youtube.com/watch?v=SCi4tj0D10E&list=WL&index=76&pp=gAQBiAQB
77,"How to Draw Portrait on iPhone with Procreate Pocket Tutorial",https://youtube.com/watch?v=6i-S8OLkjzM&list=WL&index=77&pp=gAQBiAQB
78,"When to Use 1,2 or 3 Point Perspective How to Know",https://youtube.com/watch?v=d1B4e2UbQOc&list=WL&index=78&pp=gAQBiAQB
79,"Photographing Models - Poses, Concepts and Making Them Comfortable",https://youtube.com/watch?v=U088emUFhiY&list=WL&index=79&pp=gAQBiAQB
80,"What subjects are best to improve your drawing?",https://youtube.com/watch?v=d0wIBdAH914&list=WL&index=80&pp=gAQBiAQB
81,"Daily Drawing Exercise #17",https://youtube.com/watch?v=ML7Ch4Swe04&list=WL&index=81&pp=gAQBiAQB
82,"How To Chase Light Like Trent Parke",https://youtube.com/watch?v=5HxgR3IqoRQ&list=WL&index=82&pp=gAQBiAQB
83,"Simple INK PEN drawing technique - Improve your portraits!",https://youtube.com/watch?v=OLXl1Xs_gP8&list=WL&index=83&pp=gAQBiAQB
84,"How to SKETCH PEOPLE step by step!‚úçüèº",https://youtube.com/watch?v=lf-mM5lKzW8&list=WL&index=84&pp=gAQBiAQB
85,"üì± IMPROVED DIY Phone Lanyard | ID Badge Holder Paracord",https://youtube.com/watch?v=9sH_BoqKvdo&list=WL&index=85&pp=gAQBiAQB
86,"Î≥µÏû°Ìïú Í±∞Î¶¨ ÌíçÍ≤ΩÏùÑ ÏâΩÍ≤å Í∑∏Î¶¨Îäî 12Í∞ÄÏßÄ ÌåÅ !! / Íµ¨Î∂àÍµ¨Î∂àÌïú ÏÑ†ÏúºÎ°ú Í∑∏Î†§Ïöî",https://youtube.com/watch?v=o4eEGKFul5c&list=WL&index=86&pp=gAQBiAQB
87,"Draw a Real Looking Tree in 3 Minutes! - 3 Easy Steps",https://youtube.com/watch?v=QKFCvNBH8PA&list=WL&index=87&pp=gAQBiAQB
88,"Tie Died Grateful Dead Parking Lot Scene Documentary",https://youtube.com/watch?v=vCUP6bP17fg&list=WL&index=88&t=4679s&pp=gAQBiAQB
89,"Datamosh Transitions without plugins - After Effects tutorial",https://youtube.com/watch?v=hFal4eLyD18&list=WL&index=89&pp=gAQBiAQB
90,"Camping Tarp Setup for Beginners!",https://youtube.com/watch?v=XU4BOCX6eh4&list=WL&index=90&pp=gAQBiAQB
91,"Perspective Made Easy",https://youtube.com/watch?v=RYdVU1FSro4&list=WL&index=91&pp=gAQBiAQB
92,"5 Useful Tips for Riding Dirt and Gravel Roads - Cornering / Lane Position / Speed / Body Position",https://youtube.com/watch?v=GqfRGMw8gvQ&list=WL&index=92&pp=gAQBiAQB
93,"Master Smartphone Filmmaking In Just 20 Minutes",https://youtube.com/watch?v=Jg9B9DIFiOA&list=WL&index=93&pp=gAQBiAQB
94,"Urban Sketching for Beginners - Step by Step - Tutorial",https://youtube.com/watch?v=DdbQLBdhMcY&list=WL&index=94&t=1s&pp=gAQBiAQB
95,"How To Draw A Car: Easy Step-by-Step Sketching Process!",https://youtube.com/watch?v=X02Wv7RxD0w&list=WL&index=95&pp=gAQBiAQB
96,"1UP - ONE WEEK WITH 1UP - THE SHORT FILM",https://youtube.com/watch?v=i9V18HUoZcc&list=WL&index=96&pp=gAQBiAQB
97,"The Watercolor Exercise that Changed My Life - Nitin Singh",https://youtube.com/watch?v=LmAOWH5Av8k&list=WL&index=97&pp=gAQBiAQB
98,"TASTY Food Sketching AND How To Get Started",https://youtube.com/watch?v=Hy6V8ignZ_w&list=WL&index=98&t=2s&pp=gAQBiAQB
99,"BEST way to quickly sketch PEOPLE SITTING",https://youtube.com/watch?v=5slRhTTgcy8&list=WL&index=99&pp=gAQBiAQB
100,"George Hotz: Tiny Corp, Twitter, AI Safety, Self-Driving, GPT, AGI & God | Lex Fridman Podcast #387",https://youtube.com/watch?v=dNrTrx42DGQ&list=WL&index=100&pp=gAQBiAQB
101,"How to Sketch People in 2 Simple Steps With PAINT!",https://youtube.com/watch?v=cIKzab9kmIc&list=WL&index=101&pp=gAQBiAQB
102,"How to Paint a Portrait in Gouache | Step by Step!",https://youtube.com/watch?v=xAhyjlaP3EE&list=WL&index=102&pp=gAQBiAQB
103,"3 Great ADV Stand Up Steering Exercises| Adventure Motorcycle Riding Tip",https://youtube.com/watch?v=b80aydUPpOc&list=WL&index=103&pp=gAQBiAQB
104,"Adidas sent me to Coachella",https://youtube.com/watch?v=I64dYEkNvSQ&list=WL&index=104&pp=gAQBiAQB
105,"How to Paint an EXCELLENT Focal Point",https://youtube.com/watch?v=HhQFBiQZHZc&list=WL&index=105&pp=gAQBiAQB
106,"Bonobo | Boiler Room x DGTL Amsterdam 2023",https://youtube.com/watch?v=rFRQ0VC1uX8&list=WL&index=106&pp=gAQBiAQB
107,"How to Avoid Muddy Colors in Watercolor",https://youtube.com/watch?v=mjCitkGHRcw&list=WL&index=107&pp=gAQBiAQB
108,"Timeless photography lessons from Josef Koudelka",https://youtube.com/watch?v=BOz6n-E7K0M&list=WL&index=108&pp=gAQBiAQB
109,"20 Minute Guided Meditation with Jon Kabat-Zinn PhD",https://youtube.com/watch?v=1H2Cgc60UlU&list=WL&index=109&pp=gAQBiAQB
110,"How to build an Archive as a Street Photographer",https://youtube.com/watch?v=jQ3L9jacu-c&list=WL&index=110&pp=gAQBiAQB
111,"When I'm in a Landscape Drawing Mood, THIS is a Favorite Technique.",https://youtube.com/watch?v=FdTCQ4ehtWQ&list=WL&index=111&t=655s&pp=gAQBiAQB
112,"How to Build a Product that Scales into a Company",https://youtube.com/watch?v=r-98YRAF1dY&list=WL&index=112&pp=gAQBiAQB
113,"How stretching actually changes your muscles - Malachy McHugh",https://youtube.com/watch?v=g1pb2aK2we4&list=WL&index=113&pp=gAQBiAQB
114,"What are all the TYPES of Street Photography you can do?",https://youtube.com/watch?v=qZdpyzUEPzQ&list=WL&index=114&pp=gAQBiAQB
115,"The BEST Way to Sleep Next to Your Motorcycle: Solo Hammock Camping!",https://youtube.com/watch?v=ik6rNa-XHSc&list=WL&index=115&pp=gAQBiAQB
116,"Sam Altman: OpenAI CEO on GPT-4, ChatGPT, and the Future of AI | Lex Fridman Podcast #367",https://youtube.com/watch?v=L_Guz73e6fw&list=WL&index=116&pp=gAQBiAQB
117,"How To Film Like a PRO!",https://youtube.com/watch?v=YxnQaGiHlF4&list=WL&index=117&pp=gAQBiAQB
118,"How Does Kodak Make Film? (Kodak Factory Tour Part 1 of 3) - Smarter Every Day 271",https://youtube.com/watch?v=HQKy1KJpSVc&list=WL&index=118&pp=gAQBiAQB
119,"Building Chords Made Simple | Easy Major & Minor Chord Theory",https://youtube.com/watch?v=KoeJgh0elzM&list=WL&index=119&pp=gAQBiAQB
120,"What Is Consciousness? Philosopher Explains The Nature of Reality | Rich Roll Podcast",https://youtube.com/watch?v=D_f26tSubi4&list=WL&index=120&pp=gAQBiAQB
121,"San Francisco to LA | A Bikepacking Journey Along the Coast",https://youtube.com/watch?v=siWDebEdmOQ&list=WL&index=121&pp=gAQBiAQB
122,"EASY Creative Tips for Filming Yourself !",https://youtube.com/watch?v=ZIkXB6_azYo&list=WL&index=122&pp=gAQBiAQB
123,"How He Started a Coffee Business (With $1,800)",https://youtube.com/watch?v=HPq05GXUgL8&list=WL&index=123&pp=gAQBiAQB
124,"Ab-Soul: Tiny Desk Concert",https://youtube.com/watch?v=KgDPEW_ypj8&list=WL&index=124&pp=gAQBiAQB
125,"Dr. Jack Feldman: Breathing for Mental & Physical Health & Performance | Huberman Lab Podcast #54",https://youtube.com/watch?v=GLgKkG44MGo&list=WL&index=125&pp=gAQBiAQB
126,"A Century of Coups, Mapped",https://youtube.com/watch?v=_wIOqHSsV9c&list=WL&index=126&pp=gAQBiAQB
127,"10 Rules Of Filmmaking by Tom Sachs of A SPACE PROGRAM",https://youtube.com/watch?v=-yTbY1vRRRI&list=WL&index=127&pp=gAQBiAQB
128,"How to make a basic box. And why you need to know how. | Woodworking BASICS.",https://youtube.com/watch?v=8vFGrNjT4P4&list=WL&index=128&pp=gAQBiAQB
129,"MORE HEADS ‚ú∑ 100 Heads Challenge ‚ú∑ Gouache Portrait Painting",https://youtube.com/watch?v=aVICNeCPng4&list=WL&index=129&pp=gAQBiAQB
130,"A Day of Photography in New York City",https://youtube.com/watch?v=enywK-ctwF4&list=WL&index=130&pp=gAQBiAQB
131,"Street photography from 2 perspectives",https://youtube.com/watch?v=NOVwHxeWCVI&list=WL&index=131&pp=gAQBiAQB
132,"How to Film Yourself 2.0 | Advanced tips for making videos alone",https://youtube.com/watch?v=r0dD24TX3Yc&list=WL&index=132&pp=gAQBiAQB
133,""32:05 Now playing https://youtube.com"",https://youtube.com/watch?v=11u_zUVlZBU&list=WL&index=133&pp=gAQBiAQB
134,"Chunky Grain + 3 FREE Presets! \\ After Effects Tutorial",https://youtube.com/watch?v=RuVTrOSsD-o&list=WL&index=134&pp=gAQBiAQB
135,"Reti Overview",https://youtube.com/watch?v=qmOn8ZaLPX0&list=WL&index=135&pp=gAQBiAQB
136,"Lesson # 2 - Hand Lettered Single Stroke Alphabet Continued",https://youtube.com/watch?v=dw6xlW6FD5k&list=WL&index=136&pp=gAQBiAQB
137,"BATTLE...or MEDITATION? | My State of Mind While Painting",https://youtube.com/watch?v=vzcoC2CqmTM&list=WL&index=137&pp=gAQBiAQB
138,"Little Simz: Tiny Desk (Home) Concert",https://youtube.com/watch?v=Nkt93coQzqg&list=WL&index=138&t=19s&pp=gAQBiAQB
139,"How to Throw Dinner Plates on the Potters Wheel",https://youtube.com/watch?v=lTmCmXMsRns&list=WL&index=139&pp=gAQBiAQB
140,"Accent Expert Gives a Tour of U.S. Accents - (Part One) | WIRED",https://youtube.com/watch?v=H1KP4ztKK0A&list=WL&index=140&pp=gAQBiAQB
141,"Answering gouache FAQs / painting over my sketches #6",https://youtube.com/watch?v=IIU-kxLyoCc&list=WL&index=141&pp=gAQBiAQB
142,"Proportions - Fundamental Visual Landmarks - Teach Yourself to Draw - Drawing Techniques",https://youtube.com/watch?v=xr9-zYeYI8o&list=WL&index=142&pp=gAQBiAQB
143,"Fundamentals of 1 Minute Figure Drawing with Charcoal - Part 1",https://youtube.com/watch?v=F6YicVv6xTI&list=WL&index=143&pp=gAQBiAQB
144,"Cold Weather Layering Isn't This Simple... is it?",https://youtube.com/watch?v=8-oTIFDS33U&list=WL&index=144&pp=gAQBiAQB
145,"How To Start Sewing Your Own Clothes",https://youtube.com/watch?v=73FvJFYp3gs&list=WL&index=145&pp=gAQBiAQB
146,"Why you MUST do this 12 min drill for ELITE conditioning",https://youtube.com/watch?v=cqEkMg-WaYQ&list=WL&index=146&t=161s&pp=gAQBiAQB
147,"how to ACTUALLY start sewing in 2022 | Seams Too True EP 9",https://youtube.com/watch?v=LgW1-7yG_A8&list=WL&index=147&pp=gAQBiAQB
148,"the art of not feeling lonely.",https://youtube.com/watch?v=cqWJAenCctw&list=WL&index=148&pp=gAQBiAQB
149,"The MOST useful anatomy idea is also super simple",https://youtube.com/watch?v=jH0Vkkc3Mgw&list=WL&index=149&pp=gAQBiAQB
150,"10 Neo Soul / Hip Hop Piano Exercise Patterns",https://youtube.com/watch?v=SoKcRS_tCbE&list=WL&index=150&pp=gAQBiAQB
151,"30 Minute Study Model - Here's How",https://youtube.com/watch?v=t7GpYvyQoEs&list=WL&index=151&pp=gAQBiAQB
152,"One BIG Secret to Urban Sketching | Drawing (8 min)",https://youtube.com/watch?v=cjW28jx_s70&list=WL&index=152&pp=gAQBiAQB
153,"VEGAN RAMEN RECIPES | Spicy Tan Tan | Coconut Chili | Peanut Satay | Chickpea Miso („Éì„Éº„Ç¨„É≥„É©„Éº„É°„É≥„É¨„Ç∑„Éî)",https://youtube.com/watch?v=NmH7XzvuaAI&list=WL&index=153&pp=gAQBiAQB
154,"How to Get Rid of Muscle Knots in Traps, Shoulder & Back in 90 seconds",https://youtube.com/watch?v=23ZWC5EgdLs&list=WL&index=154&pp=gAQBiAQB
155,"Why Everyone Should Do Burpees - And Their Amazing Variations!",https://youtube.com/watch?v=UzfurkR8BmQ&list=WL&index=155&pp=gAQBiAQB
156,"SIMPLE C4D + Redshift ACES to After Effects Workflow",https://youtube.com/watch?v=Td_8YJnPeaU&list=WL&index=156&pp=gAQBiAQB
157,"How to Quickly Sketch People and Cyclists | Real Time | Urban Sketching Watercolor",https://youtube.com/watch?v=SDs8nikkIGU&list=WL&index=157&t=916s&pp=gAQBiAQB
158,"Pharrell and Vince Staples Trade Game On Creativity vs Artificial Intelligence",https://youtube.com/watch?v=xtnEAjAJ3jo&list=WL&index=158&pp=gAQBiAQB
159,"5 After Effects Tools You Don't Use...But You Should!",https://youtube.com/watch?v=cepYy5HFbbo&list=WL&index=159&pp=gAQBiAQB
160,"Fast Character Modeling with the Skin Modifier in Blender",https://youtube.com/watch?v=DAAwy_l4jw4&list=WL&index=160&pp=gAQBiAQB
161,"Creatively Using Text Animators in After Effects",https://youtube.com/watch?v=plbsdkRhy8g&list=WL&index=161&pp=gAQBiAQB
162,"How To Sketch Landscapes: Tutorial",https://youtube.com/watch?v=_e6wTOuJ20M&list=WL&index=162&pp=gAQBiAQB
163,"A Brief Guide to Perspective // Urban Sketching for Beginners",https://youtube.com/watch?v=BjSJCMeH_8I&list=WL&index=163&pp=gAQBiAQB
164,"DRAW FACES your way - Sketchbook tour edition ‚ú®",https://youtube.com/watch?v=g4J_r1lHvbQ&list=WL&index=164&pp=gAQBiAQB
165,"How to sketch a FACE in 7 steps!",https://youtube.com/watch?v=xyzH-xbPcII&list=WL&index=165&pp=gAQBiAQB
166,"Animation Basics in 14 Minutes (6 Big ideas for beginners)",https://youtube.com/watch?v=pF--YKCCUMw&list=WL&index=166&t=666s&pp=gAQBiAQB
167,"The Rise Of The Value Creator (A Career Path For Polymaths & Self-Improvers)",https://youtube.com/watch?v=RuFjY1MV4LM&list=WL&index=167&pp=gAQBiAQB
168,"How to Become the Best at What You Do",https://youtube.com/watch?v=3VObgeA5Ayk&list=WL&index=168&pp=gAQBiAQB
169,"How I Sketch Cars from Observation in Simple Pen & Ink Style (tutorial)",https://youtube.com/watch?v=7stn2w1-DKw&list=WL&index=169&pp=gAQBiAQB
170,"6 Easy 15-Minute Japanese Breakfast Recipes | 1-Minute Miso Soup Recipe | Easy Rice Ball Recipes",https://youtube.com/watch?v=p3GBYdLO28I&list=WL&index=170&t=666s&pp=gAQBiAQB
171,"How to Draw ANYTHING Using Simple Shapes",https://youtube.com/watch?v=-6F5q_5HC3o&list=WL&index=171&pp=gAQBiAQB
172,"INFLATED 3D TEXT IN BLENDER [Tutorial]",https://youtube.com/watch?v=ObiestNljsI&list=WL&index=172&pp=gAQBiAQB
173,"How to Draw Ellipses and Wheels - 3 Simple Key Steps",https://youtube.com/watch?v=NC2lWtXcy6k&list=WL&index=173&pp=gAQBiAQB
174,"The Best Way to Practice DRAWING",https://youtube.com/watch?v=kNQCP3CtHvI&list=WL&index=174&t=157s&pp=gAQBiAQB
175,"3 COLOR ZONES IN THE FACE - Ben Lustenhouwer",https://youtube.com/watch?v=Sxce77G4C_A&list=WL&index=175&pp=gAQBiAQB
176,"Quality Of Life (2022) Part 5 -NYC Graffiti Documentary-",https://youtube.com/watch?v=XQhv3OWPKJs&list=WL&index=176&pp=gAQBiAQB
177,"How to Sketch Architecture in Ink & Watercolour - Sketch 7: St Paul's Cathedral",https://youtube.com/watch?v=GWA4YLspGVc&list=WL&index=177&pp=gAQBiAQB
178,"Draw ANY Head Type with the Loomis Method - Part 2",https://youtube.com/watch?v=JC2ZppKHCqU&list=WL&index=178&pp=gAQBiAQB
179,"INTRODUCTION TO GOUACHE | A Beginners Guide - Materials, Blending, Techniques and more",https://youtube.com/watch?v=kIep1oWCB1g&list=WL&index=179&pp=gAQBiAQB
180,"7 niche design styles i'm extremely passionate about",https://youtube.com/watch?v=3W6FGKMoS7k&list=WL&index=180&pp=gAQBiAQB
181,"This is for the Nervous Street Photographer.",https://youtube.com/watch?v=a_xCKrhFaUk&list=WL&index=181&pp=gAQBiAQB
182,"[Eng Sub] How to Paint Perspective in Landscape | Watercolor Tips Ê∞¥ÂΩ©Áîª„ÅßÈÅ†ËøëÊÑü„ÅÆ„ÅÇ„ÇãÈ¢®ÊôØ„ÇíÊèè„ÅèÊñπÊ≥ï",https://youtube.com/watch?v=PTbBlGdODX8&list=WL&index=182&pp=gAQBiAQB
183,"21 Tiny Habits to Improve Your Life in 2021 Effortlessly",https://youtube.com/watch?v=ZXTy_dKwMa0&list=WL&index=183&pp=gAQBiAQB
184,"Organizing Code by Logical Concern in Vue 3 by Alex Vipond",https://youtube.com/watch?v=q4a115Kdla8&list=WL&index=184&pp=gAQBiAQB
185,"How To Draw Heads Using The Loomis Method",https://youtube.com/watch?v=6i6JDwEwXJI&list=WL&index=185&pp=gAQBiAQB
186,"Sleep Toolkit: Tools for Optimizing Sleep & Sleep-Wake Timing | Huberman Lab Podcast #84",https://youtube.com/watch?v=h2aWYjSA1Jc&list=WL&index=186&pp=gAQBiAQB
187,"a day of street photography at Coney Island | NEW 'ZINE?!? NEW CAMERA?!? | Labor Day 2022",https://youtube.com/watch?v=vYp9pdUcUzs&list=WL&index=187&pp=gAQBiAQB
188,"Fastest Way I'm Making Money with my Drone",https://youtube.com/watch?v=fvLjHSDtXTM&list=WL&index=188&pp=gAQBiAQB
189,"Whose Line Is It Anyway US S16E16 | The Full Episode",https://youtube.com/watch?v=tmqsV3EPkqw&list=WL&index=189&pp=gAQBiAQB
190,"Structure | Pros get it, But too many students don‚Äôt",https://youtube.com/watch?v=IdzQa_dot5U&list=WL&index=190&pp=gAQBiAQB
191,"B&W Darkroom: Split Grade Printing",https://youtube.com/watch?v=kd8-i6OXtQ4&list=WL&index=191&pp=gAQBiAQB
192,"How I'm Turning my Photography in to Works of Art",https://youtube.com/watch?v=XBCDBmnSdmA&list=WL&index=192&pp=gAQBiAQB
193,"6 Tips To Shooting Photos Like Joel Meyerowitz",https://youtube.com/watch?v=1rKJJfSplik&list=WL&index=193&pp=gAQBiAQB
194,"Why Color Studies Are So Powerful",https://youtube.com/watch?v=1d577v_XBKA&list=WL&index=194&pp=gAQBiAQB
195,"2021 YZ450F IN NEW YORK CITY",https://youtube.com/watch?v=RIr3Fs_5new&list=WL&index=195&t=29s&pp=gAQBiAQB
196,"This Street Photography Habit Changes Everything",https://youtube.com/watch?v=jMlIhkwSWv8&list=WL&index=196&pp=gAQBiAQB
197,"3 Lessons by Alex Webb (Street & documentary photography)",https://youtube.com/watch?v=-UbjVtHPoMg&list=WL&index=197&pp=gAQBiAQB
198,"Aaron Suarez: Everything Must Go | FULL SPECIAL",https://youtube.com/watch?v=ntze4uuqePE&list=WL&index=198&pp=gAQBiAQB
199,"How to breathe while running | Andrew Huberman and Lex Fridman",https://youtube.com/watch?v=msGKrclcsbc&list=WL&index=199&pp=gAQBiAQB
200,"Learning photography with Josef Koudelka",https://youtube.com/watch?v=FnUiQD8l2o0&list=WL&index=200&pp=gAQBiAQB
201,"How To Paint Foliage With Gouache For Beginners | Step-By-Step",https://youtube.com/watch?v=P15yKHTNyqw&list=WL&index=201&pp=gAQBiAQB
202,"Why are Deli Subs better than homemade ones?",https://youtube.com/watch?v=0rmrZZj1Hjs&list=WL&index=202&pp=gAQBiAQB
203,"How To Julienne Vegetables | Knife Skills | The Bombay Chef - Varun Inamdar | Basic Cooking",https://youtube.com/watch?v=x0wClCChoRQ&list=WL&index=203&pp=gAQBiAQB
204,"Inside Designer Rick Owens‚Äôs Minimalist Home Filled With Wonderful Objects | Vogue",https://youtube.com/watch?v=zrqqrQmeQS4&list=WL&index=204&pp=gAQBiAQB
205,"Painting Trees in Watercolour - Part I",https://youtube.com/watch?v=wU6jjU-CwYs&list=WL&index=205&pp=gAQBiAQB
206,"FULL VINYL | 90's Hiphop Set | Mili Themaniac a.k.a Mili (NAKED ARTZ, ÁòãÁô≤ FU-TEN)",https://youtube.com/watch?v=FvA6OzpHKgA&list=WL&index=206&pp=gAQBiAQB
207,"Lucas Sin‚Äôs Chilled Sesame Noodles Are Your Go-To Summer Dish | Chefs At Home",https://youtube.com/watch?v=wBeuHw9kQmo&list=WL&index=207&pp=gAQBiAQB
208,"Watercolor Landscape Painting | Daniel Smith Watercolors | Watercolour Painting",https://youtube.com/watch?v=Xd_qLlbv8ss&list=WL&index=208&pp=gAQBiAQB
209,"5 Easy Steps to Create Depth in Your Artwork! Beginner Artists Will Love This!",https://youtube.com/watch?v=Xkxn97seaVA&list=WL&index=209&pp=gAQBiAQB
210,"How To Edit A Documentary Like Johnny Harris",https://youtube.com/watch?v=nZrPVUzYHKE&list=WL&index=210&pp=gAQBiAQB
211,"Easy Handmade Plate Tutorial // How to make plates at home",https://youtube.com/watch?v=3DDm6tG_Xzc&list=WL&index=211&pp=gAQBiAQB
212,"Every Redstone Component in Minecraft 1.20 Explained - Redstone Guide",https://youtube.com/watch?v=YuIbskY8UPo&list=WL&index=212&t=1473s&pp=gAQBiAQB
213,"Setting Up Storage & House Details! ‚ñ´ Minecraft Survival Guide (1.18 Tutorial Let's Play) [S2 Ep.6]",https://youtube.com/watch?v=l8kVH3KwWzY&list=WL&index=213&pp=gAQBiAQB
214,"OTHERtone with Pharrell, Scott, and Fam-Lay - Kenny Beats",https://youtube.com/watch?v=ruyUQhrR4pE&list=WL&index=214&pp=gAQBiAQB
215,"How to Paint REALISTIC People Alla-Prima | Watercolor Tutorial",https://youtube.com/watch?v=94c4XC7P9So&list=WL&index=215&pp=gAQBiAQB
216,"How to paint simple figures in your Landscape Painting",https://youtube.com/watch?v=YeKOSAcACpE&list=WL&index=216&pp=gAQBiAQB
217,"No Kiln Pottery - 3 Ways",https://youtube.com/watch?v=ztLn3BsYuJ8&list=WL&index=217&pp=gAQBiAQB
218,"Architect Peter Cook on the Benefits of Drawing by Hand | Louisiana Channel",https://youtube.com/watch?v=1suurGcp8BI&list=WL&index=218&pp=gAQBiAQB
219,"LOGIC 10.5 - What's New & Goodbye EXS24 üôè",https://youtube.com/watch?v=0d_L3vrPDWM&list=WL&index=219&pp=gAQBiAQB
220,"Operators Tactics Episode 1 (Radio Comms)",https://youtube.com/watch?v=2BwqYCQO3Y0&list=WL&index=220&pp=gAQBiAQB
221,"Pro Chefs Upgrade Popcorn (6 Ways) | Test Kitchen Talks | Bon App√©tit",https://youtube.com/watch?v=kLtGMX6_FLo&list=WL&index=221&t=188s&pp=gAQBiAQB
222,"DIY Jewellery Trays - Imprinting Air Dry Clay",https://youtube.com/watch?v=Vo79Co5aApE&list=WL&index=222&pp=gAQBiAQB
223,"Is Cooking for Yourself Worth It? 27 Meals in One Week | NYT Cooking",https://youtube.com/watch?v=3oqJ4CQIDfs&list=WL&index=223&pp=gAQBiAQB
224,"Garlic Noodles | Kenji's Cooking Show",https://youtube.com/watch?v=wK9OHVxB_Z8&list=WL&index=224&pp=gAQBiAQB
225,"Foraging Psilocybe Mushrooms with Alan Rockefeller",https://youtube.com/watch?v=Bv826PwqF58&list=WL&index=225&pp=gAQBiAQB
226,"How to Sketch a House in a Landscape: Step-by -Step Narrated Pencil Drawing",https://youtube.com/watch?v=5MtdPh3MiWY&list=WL&index=226&pp=gAQBiAQB
227,"Brad Makes a Master Stock | It's Alive | Bon App√©tit",https://youtube.com/watch?v=ndcDT1rXMvU&list=WL&index=227&t=936s&pp=gAQBiAQB
228,"Pro Chefs Debate Which Foods Need Refrigeration | Chef Notes | Bon App√©tit",https://youtube.com/watch?v=z93CFfmk3J8&list=WL&index=228&pp=gAQBiAQB
229,"How to Trim Clay Pots! Tricks, Tips, and Techniques",https://youtube.com/watch?v=SBHL-h8z-ko&list=WL&index=229&pp=gAQBiAQB
230,"How to Paint Greens in Watercolor | Rural Europe",https://youtube.com/watch?v=JHaxjs4ceVQ&list=WL&index=230&pp=gAQBiAQB
231,"HOW TO DRAW ANATOMY (beginner to expert)",https://youtube.com/watch?v=Jp_g3B2AsTE&list=WL&index=231&pp=gAQBiAQB
232,"PASTA LA VISTA, BABY: Italian American Gladiators | Eat Out America | S2 EP3",https://youtube.com/watch?v=q1JLJg0Nw2o&list=WL&index=232&pp=gAQBiAQB
233,""1:31:47 Now playing https://youtube.com"",https://youtube.com/watch?v=XkZFHrvjRag&list=WL&index=233&pp=gAQBiAQB
234,"Throwing a cylinder, with Stuart Carey",https://youtube.com/watch?v=rd52myCw8jg&list=WL&index=234&pp=gAQBiAQB
235,"The BEST WAY To Take A Passenger On A Motorcycle",https://youtube.com/watch?v=YfS4aRI6if8&list=WL&index=235&pp=gAQBiAQB
236,"Learn How To Digitize Designs For Embroidery Machines ü§ì | Step By Step Digitizing Tutorial üßµ | üëçüèΩ",https://youtube.com/watch?v=5MtR6l00VMQ&list=WL&index=236&pp=gAQBiAQB
237,"How to Draw Faces STEP-BY-STEP // Two Mullets and a Shag Love Triangle",https://youtube.com/watch?v=MJkWTb-Zx44&list=WL&index=237&pp=gAQBiAQB
238,"Possibly the perfect Tool Storage System...",https://youtube.com/watch?v=TWs4X6vBlmk&list=WL&index=238&pp=gAQBiAQB
239,"Mastering Muted Color",https://youtube.com/watch?v=dB7J40PTcVM&list=WL&index=239&pp=gAQBiAQB
240,"Learn Modern C++ by Building an Audio Plugin (w/ JUCE Framework) - Full Course",https://youtube.com/watch?v=i_Iq4_Kd7Rc&list=WL&index=240&pp=gAQBiAQB
241,"How to Draw Trees with Markers | Tutorial 1",https://youtube.com/watch?v=U7O9-ILHOnM&list=WL&index=241&pp=gAQBiAQB
242,"Sculpting Timelapse - HEAD MODELING (tutorial)",https://youtube.com/watch?v=64bpcvDM4Ug&list=WL&index=242&pp=gAQBiAQB
243,"Iterative Drawing - The Fastest Way to Improve",https://youtube.com/watch?v=k0ufz75UvHs&list=WL&index=243&pp=gAQBiAQB
244,"How to get good skills by drawing just 20 minutes a day",https://youtube.com/watch?v=20EaSZ0CeOg&list=WL&index=244&pp=gAQBiAQB
245,"A Fatal Night in Kenosha: How the Rittenhouse Shootings Unfolded | Visual Investigations",https://youtube.com/watch?v=VpTW2AJE9MQ&list=WL&index=245&pp=gAQBiAQB
246,"32 EASY Tips To GROW From 0 Viewers On Twitch!",https://youtube.com/watch?v=qmuQkNlLpPM&list=WL&index=246&pp=gAQBiAQB
247,"How to Learn Anatomy for Artists - Sketchbook Tour",https://youtube.com/watch?v=YNh7MF069JA&list=WL&index=247&pp=gAQBiAQB
248,"Painting Autumn Leaves | Shakespeare Sonnet #73",https://youtube.com/watch?v=xET1h15KuPM&list=WL&index=248&pp=gAQBiAQB
249,"How to Make a Pottery Espresso Cup - ASMR Version",https://youtube.com/watch?v=sFTOsiAnneY&list=WL&index=249&pp=gAQBiAQB
250,"Traction Has Left The Chat",https://youtube.com/watch?v=gV11SJyStOw&list=WL&index=250&pp=gAQBiAQB
251,"Centering and posture explained Pottery Wheel Throwing",https://youtube.com/watch?v=GTgwHnhIgu8&list=WL&index=251&pp=gAQBiAQB
252,"Creating Dynamic Watercolors Using Phthalo Blue",https://youtube.com/watch?v=eKTKI5npDFs&list=WL&index=252&pp=gAQBiAQB
253,"Head and Face Proportions",https://youtube.com/watch?v=sGCSDLm0aXQ&list=WL&index=253&pp=gAQBiAQB
254,"Painting The Landscape in Watercolour - Introduction",https://youtube.com/watch?v=6iqpKL3DAAs&list=WL&index=254&pp=gAQBiAQB
255,"My Best Watercolor Brushes | A Year Into Watercolor",https://youtube.com/watch?v=d98XZomEeqM&list=WL&index=255&pp=gAQBiAQB
256,"How to Draw Trees with Pen and Ink",https://youtube.com/watch?v=hw0EwL3SXWQ&list=WL&index=256&pp=gAQBiAQB
257,"How to Get (and stay) MOTIVATED to PAINT | Artist Advice",https://youtube.com/watch?v=r9tsxzoth3w&list=WL&index=257&pp=gAQBiAQB
258,"Birding and Nature Journaling: The Secret Technique",https://youtube.com/watch?v=0qsfdRXdnlI&list=WL&index=258&pp=gAQBiAQB
259,"The Power of Thumbnails and How to Use Them",https://youtube.com/watch?v=66cn6kC9o4c&list=WL&index=259&pp=gAQBiAQB
260,"Choosing a Limited Color Scheme. A Study in Greens. #worldwatercolormonth.",https://youtube.com/watch?v=goJhsAxJuaE&list=WL&index=260&pp=gAQBiAQB
261,"Getting Better Faster - Painting with 80/20 Rule",https://youtube.com/watch?v=GknVZeFJ2Ug&list=WL&index=261&pp=gAQBiAQB
262,"How to Paint Birds in Watercolor ‚Äì Simply, Quickly and Expressively.",https://youtube.com/watch?v=J6uwG-tbXs8&list=WL&index=262&pp=gAQBiAQB
263,"Lilac and cherry blossom. Embroidered Botanical elements for beginners",https://youtube.com/watch?v=k4LyU4jq4sY&list=WL&index=263&pp=gAQBiAQB
264,"How to paint water reflection in watercolor",https://youtube.com/watch?v=5VNxjN9CsLM&list=WL&index=264&pp=gAQBiAQB
265,"All Vinyl dj Set - 90s Classic Hip Hop - Fonki Cheff",https://youtube.com/watch?v=rHlltz3xhGI&list=WL&index=265&pp=gAQBiAQB
266,"Carl Jung and the Archetypes - Dr Kevin Lu, PhD",https://youtube.com/watch?v=3tuqiTMSzkU&list=WL&index=266&pp=gAQBiAQB
267,"How To Ride An UNFAMILIAR ROAD",https://youtube.com/watch?v=EkZG_wBN3BY&list=WL&index=267&pp=gAQBiAQB
268,"Without Sketch Landscape Watercolor - sunshine (wet-in-wet, Arches rough) NAMIL ART",https://youtube.com/watch?v=Avoy5NCklak&list=WL&index=268&pp=gAQBiAQB
269,"THIS is how you paint PEOPLE - Eudes Correia | Painting Masters 42",https://youtube.com/watch?v=LLz8su0ocWI&list=WL&index=269&pp=gAQBiAQB
270,"Mastering Perspective: Two Practical Techniques",https://youtube.com/watch?v=8fxCWG7js0s&list=WL&index=270&pp=gAQBiAQB
271,"Embroidery Fill Stitches You Should Know",https://youtube.com/watch?v=FAyFfMb-ZS4&list=WL&index=271&pp=gAQBiAQB
272,"This Drawing Exercise is the building block for ANYTHING! ‚úèÔ∏è",https://youtube.com/watch?v=bv3Yvfouf2o&list=WL&index=272&pp=gAQBiAQB
273,"MAKING A CHESS SET ( clay & tile art )",https://youtube.com/watch?v=Gf2L1m3kXCM&list=WL&index=273&pp=gAQBiAQB
274,"Embroidery for beginners | TOP 10 stitches!",https://youtube.com/watch?v=JGa4PoQB408&list=WL&index=274&pp=gAQBiAQB
275,"Watercolor Landscape Speed Painting "Wood's Edge"",https://youtube.com/watch?v=393XaxFyT6k&list=WL&index=275&pp=gAQBiAQB
276,"How to Paint a Spontaneous Watercolor Landscape ‚Äì "Accidental Painting"",https://youtube.com/watch?v=_UYhsiIRqg4&list=WL&index=276&pp=gAQBiAQB
277,"Advancing with Watercolor: the potential of Brush strokes: "A Tuscan Valley"",https://youtube.com/watch?v=mTE1cwrbd_Y&list=WL&index=277&pp=gAQBiAQB
278,"HOW TO PAINT TONALIST-STYLE",https://youtube.com/watch?v=c1Xm0q5v_Is&list=WL&index=278&pp=gAQBiAQB
279,"Clouds in Watercolors With Sterling Edwards",https://youtube.com/watch?v=_T9tjIZPsEQ&list=WL&index=279&pp=gAQBiAQB
280,"Make a Beat Slicing Loops with Quick Sampler (LOGIC PRO X)",https://youtube.com/watch?v=AFNhh_FWb1M&list=WL&index=280&pp=gAQBiAQB
281,"How to paint village in watercolor painting demo by javid tabatabaei",https://youtube.com/watch?v=IlxWvLoNTJM&list=WL&index=281&pp=gAQBiAQB
282,"Anatomy & Perspective Art Lesson (From Kim Jung Gi)",https://youtube.com/watch?v=ehz-lF3UwqQ&list=WL&index=282&pp=gAQBiAQB
283,"Review: The Aeropress Go",https://youtube.com/watch?v=U_hwYVboAVQ&list=WL&index=283&pp=gAQBiAQB
284,"How to U-turn a motorcycle and make it easy, uturn",https://youtube.com/watch?v=cM4YrRjKVUc&list=WL&index=284&pp=gAQBiAQB
285,"Watercolour and Pen | Painting House Portraits",https://youtube.com/watch?v=BtaBySru9c8&list=WL&index=285&pp=gAQBiAQB
286,"How To Ride A Motorcycle: City Highway Riding Tips",https://youtube.com/watch?v=0xYbtMmQ03w&list=WL&index=286&pp=gAQBiAQB
287,"How to Simplify in Watercolor | 2c. How to Plan a Complex Scene! üñå",https://youtube.com/watch?v=eLuoJxrjulk&list=WL&index=287&pp=gAQBiAQB
288,"Everything I Know About Gouache/ How To Paint With Gouache",https://youtube.com/watch?v=spw7OIHSBIU&list=WL&index=288&pp=gAQBiAQB
289,"how to paint tulips | simple + elegant floral watercolor paintings Part III",https://youtube.com/watch?v=XKwmkEuvzUM&list=WL&index=289&pp=gAQBiAQB
290,"DIY - easy Air Dry Clay projects for Home Decor",https://youtube.com/watch?v=K7ciVdbLOLs&list=WL&index=290&pp=gAQBiAQB
291,"Urban Sketching Essentials Part 1 | Intro & Basics | Strathmore",https://youtube.com/watch?v=FdC6CsCRVN4&list=WL&index=291&pp=gAQBiAQB
292,"Pro tips for URBAN SKETCHERS from Ian Fennelly | Deutsche Untertitel",https://youtube.com/watch?v=PMzLb90VXYg&list=WL&index=292&pp=gAQBiAQB
293,"2019 FIRE IN THE MOUNTAINS FULL MOVIE | MOTO CAMPING TRIP",https://youtube.com/watch?v=YFX75mMeHXQ&list=WL&index=293&pp=gAQBiAQB
294,"My 5 Favorite Linux Shell Tricks for SPEEEEEED (and efficiency)",https://youtube.com/watch?v=V8EUdia_kOE&list=WL&index=294&pp=gAQBiAQB
295,"EASY Loose Sketch Technique | Ink & Watercolour",https://youtube.com/watch?v=kq9Flps3aFM&list=WL&index=295&pp=gAQBiAQB
296,"üî¥ How I ran a 6hr livestream with multiple remote guests and a delayed Zoom // ATEM Mini Extreme",https://youtube.com/watch?v=Bg09fINplBk&list=WL&index=296&pp=gAQBiAQB
297,"Â±±Â∞èÂ±ã„ÅßÈ£≤„ÇÄ„Ç≥„Éº„Éí„Éº - „Éê„É™„Çπ„Çø„Åå‰Ωú„ÇãÊú¨Ê†º„Ç¢„Ç¶„Éà„Éâ„Ç¢„Ç≥„Éº„Éí„Éº",https://youtube.com/watch?v=7bnIOI4rRR4&list=WL&index=297&pp=gAQBiAQB
298,"9 Cuts Every Video Editor Should Know | Filmmaking Tips",https://youtube.com/watch?v=Wv3Hmf2Dxlo&list=WL&index=298&pp=gAQBiAQB
299,"HOW TO EDIT LIKE A PRO | FINAL CUT PRO X TUTORIAL",https://youtube.com/watch?v=ZBd9sph9Z1w&list=WL&index=299&pp=gAQBiAQB
300,"How I Record Stuff: Equipment, Full Process, and Studio Tour",https://youtube.com/watch?v=HwY3R_VE6so&list=WL&index=300&pp=gAQBiAQB
301,""17:33 Now playing https://youtube.com"",https://youtube.com/watch?v=TtfYb5zS2Pw&list=WL&index=301&pp=gAQBiAQB
302,"5 Weird Tape Machines",https://youtube.com/watch?v=qn9l5Upjlk4&list=WL&index=302&pp=gAQBiAQB
303,"Lesson #1 - Hand Lettered Single Stroke Alphabet Introduction",https://youtube.com/watch?v=2jn1ITJDGxw&list=WL&index=303&pp=gAQBiAQB
304,"How to Improve Your Brush Marks üé®üñåÔ∏è",https://youtube.com/watch?v=cN_UECRNG4A&list=WL&index=304&pp=gAQBiAQB
305,"$200 For A Photography Studio In Your House!?",https://youtube.com/watch?v=hoHOCodi7T4&list=WL&index=305&pp=gAQBiAQB
306,"How to Improve Massively At Drawing Across 12 Months",https://youtube.com/watch?v=DH-kFJJX2PM&list=WL&index=306&pp=gAQBiAQB
307,"Sketching 5 Historic Buildings (and making school pay for itself)",https://youtube.com/watch?v=OsNqIFcp4mk&list=WL&index=307&pp=gAQBiAQB
308,"Motorcycle Day Pack Essentials | Never Leave Without These Items",https://youtube.com/watch?v=BpBHNIyN4gE&list=WL&index=308&pp=gAQBiAQB
309,"How to Draw in 2-Point Perspective: Buildings: San Francisco",https://youtube.com/watch?v=FMeK75m4hAI&list=WL&index=309&pp=gAQBiAQB
310,"Firearms Expert Reacts To Call Of Duty: Modern Warfare‚Äôs Guns",https://youtube.com/watch?v=-BeJdQfEp40&list=WL&index=310&pp=gAQBiAQB
311,"Combat Medic Essentials ‚îÇ Part 2: The M.A.R.C.H. Algorithm",https://youtube.com/watch?v=cUNSDvBIMA8&list=WL&index=311&pp=gAQBiAQB
312,"How To Take Photos Like Joel Meyerowitz",https://youtube.com/watch?v=enrau2g7gvU&list=WL&index=312&pp=gAQBiAQB
313,"How to Shoot an Interview/Tutorial (Under $1,000)",https://youtube.com/watch?v=vIwKUTcW4l4&list=WL&index=313&pp=gAQBiAQB
314,"Street Photography masterclass with Nick Turpin",https://youtube.com/watch?v=CKz8hZe9kTo&list=WL&index=314&pp=gAQBiAQB
315,"Brooklyn‚Äôs King of Tattoos: Mike Perfetto | Tattoo Age",https://youtube.com/watch?v=ojuikB1UVpk&list=WL&index=315&pp=gAQBiAQB
316,"Sunday's Sampling Session #3",https://youtube.com/watch?v=vUOFiFNfC-M&list=WL&index=316&pp=gAQBiAQB
317,"There Is No Try With Pat McNamara",https://youtube.com/watch?v=Uom6nrjqKw8&list=WL&index=317&pp=gAQBiAQB
318,"BEHIND DA GREENS: EPISODE 1",https://youtube.com/watch?v=KdcbGS-mwh8&list=WL&index=318&pp=gAQBiAQB
319,"American Gunfighter Episode 3 - Pat McNamara, TMACS - Presented by BCM",https://youtube.com/watch?v=hOliF5FoAA8&list=WL&index=319&pp=gAQBiAQB
320,"Street Photography Tips [Part One] : 9 Tips to Get Better at Street Photography",https://youtube.com/watch?v=sbxt-7-qg6A&list=WL&index=320&pp=gAQBiAQB
321,"Lee Loadmaster Unboxing/Setup, Loading 9mm Start to Finish",https://youtube.com/watch?v=TjeyRAKtG3g&list=WL&index=321&pp=gAQBiAQB
322,"Call of Duty Guns In Real Life",https://youtube.com/watch?v=3vk-mnVXhxE&list=WL&index=322&pp=gAQBiAQB
323,"Shoot Film: Lomo LC-A",https://youtube.com/watch?v=n_8D9FaE5cY&list=WL&index=323&pp=gAQBiAQB
324,"Budget Comms Setup vs Gucci Comms Setup",https://youtube.com/watch?v=X4-BKWMo_LA&list=WL&index=324&pp=gAQBiAQB
325,"Tape Techniques 3: Sampling on the Teenage Engineering OP1",https://youtube.com/watch?v=d5mFe7GIt9k&list=WL&index=325&pp=gAQBiAQB
326,"How to Start a Podcast 2020 | Equipment & Guide for Beginners",https://youtube.com/watch?v=HMITDLMW5EM&list=WL&index=326&pp=gAQBiAQB
327,"How a Train Tunnel Became the Center of NYC‚Äôs Art Scene | I Was There",https://youtube.com/watch?v=mXKS_VSwZ9k&list=WL&index=327&pp=gAQBiAQB
328,"Learn to Paint Watercolor Butterflies | Beginner's Tutorial",https://youtube.com/watch?v=fnr44l4vkYY&list=WL&index=328&pp=gAQBiAQB
329,"I'm Thinking of Ending Things | Charlie Kaufman | Talks at Google",https://youtube.com/watch?v=fQ8gSZN7viE&list=WL&index=329&pp=gAQBiAQB
330,"Essential Watercolor For Beginners: TECHNIQUES",https://youtube.com/watch?v=2ykRtrgmWZU&list=WL&index=330&pp=gAQBiAQB
331,"223 -vs- 5.56: FACTS and MYTHS",https://youtube.com/watch?v=VCS4fXFmCyA&list=WL&index=331&pp=gAQBiAQB
332,"Lecture 4: Data Wrangling (2020)",https://youtube.com/watch?v=sz_dsktIjt4&list=WL&index=332&pp=gAQBiAQB
333,"EzyStreet - Ep 001",https://youtube.com/watch?v=t03zYlNNR7g&list=WL&index=333&pp=gAQBiAQB
334,"How to make HUGE 808s!",https://youtube.com/watch?v=Z07NWhI2oQQ&list=WL&index=334&pp=gAQBiAQB
335,"How To Motovlog: Helmet Setup!",https://youtube.com/watch?v=1z72R10Ah_Q&list=WL&index=335&pp=gAQBiAQB
336,"Watercolor Glazing and Layering Basics",https://youtube.com/watch?v=_58Eyyhv0gs&list=WL&index=336&pp=gAQBiAQB
337,"This was a total gamechanger for my sound design!",https://youtube.com/watch?v=GXQHiozYGTE&list=WL&index=337&pp=gAQBiAQB
338,"3 Levels of Chords: How to Triads to Einstein Equations - FL Studio",https://youtube.com/watch?v=gh_nWtW43Yk&list=WL&index=338&pp=gAQBiAQB
339,"YouTube",https://youtube.com/watch?v=_QQSWeRL6_o&list=WL&index=339&pp=gAQBiAQB
340,"Kim Jung Gi Watercolor Painting",https://youtube.com/watch?v=TgcV7mogMnU&list=WL&index=340&pp=gAQBiAQB
341,"GoPro BMX Bike Riding NYC on LOCKDOWN",https://youtube.com/watch?v=1MWU-jeXl0I&list=WL&index=341&pp=gAQBiAQB
342,"Should You Write a Book? | Tim Ferriss",https://youtube.com/watch?v=JiFU4CjqgVo&list=WL&index=342&pp=gAQBiAQB
343,"Son of a Chechekevitch (feat. Paul Rudd and Patton Oswalt) - Full Episode - RENO 911!",https://youtube.com/watch?v=QvyHg2n2OQE&list=WL&index=343&pp=gAQBiAQB
344,"The History and Death of the Kawasaki KLR650",https://youtube.com/watch?v=rwOssZSSWKI&list=WL&index=344&pp=gAQBiAQB
345,"GGN Heavyweight Championship Lungs with Mike Tyson and Snoop Dogg",https://youtube.com/watch?v=2JF_0kJ5Ydc&list=WL&index=345&pp=gAQBiAQB
346,"DJ Matman Cutting Up Hip Hop & Funk 7" Vinyl 45s",https://youtube.com/watch?v=Yk3Afs9JXT0&list=WL&index=346&pp=gAQBiAQB
347,"How To Be A Photographer for Yeezy and Amina Blue | Jobs Unlisted",https://youtube.com/watch?v=XKsHjKHFE_4&list=WL&index=347&pp=gAQBiAQB
348,"MOTORCYCLE CAMPING GEAR! What I pack on my Harley Davidson!",https://youtube.com/watch?v=gkfjRrV7XRA&list=WL&index=348&pp=gAQBiAQB
349,"Staff Bikes: Dan's Triumph T100 Bonneville",https://youtube.com/watch?v=4imlDLkFlFY&list=WL&index=349&pp=gAQBiAQB
350,"Guns Down, Gloves Up: Detroit‚Äôs Car Wash Fight Club",https://youtube.com/watch?v=57Ggk8GRljY&list=WL&index=350&pp=gAQBiAQB
351,"PNTV: The Art of Learning by Josh Waitzkin (#344)",https://youtube.com/watch?v=YnII6bMCLQA&list=WL&index=351&pp=gAQBiAQB
352,"2020 Yearly Bujo Setup | How To Begin Bullet Journaling a Comprehensive Guide",https://youtube.com/watch?v=Xww_DeeNdTY&list=WL&index=352&pp=gAQBiAQB
353,"The Irish Drill Scene Won't Be Stopped | Gangsta Rap International - Ireland",https://youtube.com/watch?v=rg3JLUDFKPE&list=WL&index=353&pp=gAQBiAQB
354,"YouTube",https://youtube.com/watch?v=vdywfJUO2oY&list=WL&index=354&pp=gAQBiAQB
355,"How to Roll a Fronto Leaf with Dave East | HNHH's How to Roll",https://youtube.com/watch?v=ANj4MQmw5vY&list=WL&index=355&pp=gAQBiAQB
356,"Preview | Watercolor Essentials with Thomas Schaller",https://youtube.com/watch?v=1ekbTlw3FRc&list=WL&index=356&pp=gAQBiAQB
357,"Kayaking 2000km around the southern tip of Africa",https://youtube.com/watch?v=UWnNjn1pki4&list=WL&index=357&pp=gAQBiAQB
358,"How To Paint White Flowers With Watercolor",https://youtube.com/watch?v=aS1DMoBgw6w&list=WL&index=358&pp=gAQBiAQB
359,"Joey Diaz | Hotboxin' with Mike Tyson | Ep 15",https://youtube.com/watch?v=Uxacwdd9vS0&list=WL&index=359&pp=gAQBiAQB
360,"Day¬†In¬†The¬†Life¬†Of¬†a Retoucher¬†in¬†New¬†York¬†City",https://youtube.com/watch?v=p3D6hVg2cjU&list=WL&index=360&pp=gAQBiAQB
361,"GET LOST | A Solo Motorcycle Adventure to the Darien Gap",https://youtube.com/watch?v=KuzOuBPuZVc&list=WL&index=361&pp=gAQBiAQB
362,"Architecture Model Making Tutorial Part 1",https://youtube.com/watch?v=Kfj2-A5rJoQ&list=WL&index=362&pp=gAQBiAQB
363,"Beyond the Border - Riding Solo in Mexico",https://youtube.com/watch?v=QDv09RL7KS0&list=WL&index=363&pp=gAQBiAQB
364,"Google Coding Interview With A Competitive Programmer",https://youtube.com/watch?v=EuPSibuIKIg&list=WL&index=364&pp=gAQBiAQB
365,"30 Day Pushup Challenge Results",https://youtube.com/watch?v=y16fVhWG7Tk&list=WL&index=365&pp=gAQBiAQB
366,"Painting Watercolor Greeting Cards and Trading Cards",https://youtube.com/watch?v=oGBOZt2L5zU&list=WL&index=366&pp=gAQBiAQB
367,"Graffiti Tags Tutorial - Everything You Need To Know",https://youtube.com/watch?v=L44qLzz_FB0&list=WL&index=367&pp=gAQBiAQB
368,"Gold Letterpress vs. Gold Foil",https://youtube.com/watch?v=QgSuXXGWuww&list=WL&index=368&pp=gAQBiAQB
369,"How Being a War Reporter Got Me Kidnapped‚Ä¶Twice",https://youtube.com/watch?v=qToG2FmqCm8&list=WL&index=369&pp=gAQBiAQB
370,"Pushing Through Frustrations & Challenges in Watercolor Painting",https://youtube.com/watch?v=T1pqg_Xm5qc&list=WL&index=370&pp=gAQBiAQB
371,"Talib Kweli And El-P Talk Run The Jewels 4, Killer Mike, Company Flow, & Rawkus | People's Party",https://youtube.com/watch?v=klta75ld4Kc&list=WL&index=371&pp=gAQBiAQB
372,"Kaweco Special Dip Pen and Speedball Steel Brush -- Unboxing and Review",https://youtube.com/watch?v=lIDU-F31p0k&list=WL&index=372&pp=gAQBiAQB
373,"Passive Income with Music! // Compact Creations 015",https://youtube.com/watch?v=ScqScOP2pbA&list=WL&index=373&pp=gAQBiAQB
374,"Professional Chefs Compete in a Knife Skills Speed Challenge | Test Kitchen Talks | Bon App√©tit",https://youtube.com/watch?v=zpsa3jG6kpg&list=WL&index=374&pp=gAQBiAQB
375,"Joe Fights/Confronts Mal Part 2 | Joe Budden Podcast | Compilation",https://youtube.com/watch?v=dtkydqqxCpI&list=WL&index=375&pp=gAQBiAQB
376,"Rolling Loud NYC No Jumper Vlog!",https://youtube.com/watch?v=LZSuSqoGAM8&list=WL&index=376&pp=gAQBiAQB
377,"TA-KU Boiler Room Los Angeles DJ Set",https://youtube.com/watch?v=Cj1LDGo-SQo&list=WL&index=377&pp=gAQBiAQB
,"undefined",undefined